,Race,Count,Percentage
0,American Indian,784,0.0012925754400774227
1,Asian,8154,0.01344344405407054
2,Biracial,20,3.297386326728119e-05
3,Black,387052,0.638129986266386
4,Latinx,143466,0.23653141337518815
5,Unknown,6626,0.010924240900450258
6,White,60439,0.09964536610056039
