,Race,Count,Percentage
0,American Indian,118,0.0001421801518917792
1,Asian,7147,0.008611538521784288
2,Biracial,27,3.2532746619305416e-05
3,Black,562742,0.6780571443718951
4,Latinx,158676,0.19119133713203354
5,Unknown,6107,0.007358425318670302
6,White,95116,0.1146068417571057
