,Verdict,Count,Percentage
0,Dropped,631272,0.7606300749578581
1,Guilty,114720,0.13822802563580433
2,Not Guilty,83937,0.1011370797401718
3,Undetermined,4,4.819666165823024e-06
