,Verdict,Count,Percentage
0,Dropped,812239,0.8170177367422051
1,Guilty,101903,0.10250253734090696
2,Not Guilty,79987,0.08045759648182217
3,Undetermined,22,2.2129435065699275e-05
