,Verdict,Count,Percentage
0,Dropped,446537,0.7362024990890971
1,Guilty,104511,0.1723065711963412
2,Not Guilty,55476,0.09146290193078456
3,Undetermined,17,2.8027783777189012e-05
