,Verdict,Count,Percentage
0,Dropped,801496,0.8599631764397884
1,Guilty,95112,0.10205018819500178
2,Not Guilty,35402,0.03798448947009266
3,Undetermined,2,2.1458951172302503e-06
