,Verdict,Count,Percentage
0,Dropped,614434,0.8641038442336495
1,Guilty,75206,0.10576529571839424
2,Not Guilty,21425,0.030130860047956235
